invoice_id,invoice_record_index,evaluation_split,decision,known_violation,requires_review,expected_total_cents,billed_total_cents,violations,uncertainty
INV-H1-000001,1,held_aside,review,False,True,,2475525,,service_match_unresolved
INV-H1-000002,2,development,erroneous,True,True,,2588836,service_date,invalid_date_payability_requires_review|retention_or_payable_quantity_requires_review
INV-H1-000003,3,development,review,False,True,,5777580,,service_match_unresolved
INV-H1-000004,4,development,erroneous,True,False,924200,1260398,invoice_amount|line_amount|unit_price,
INV-H1-000005,5,development,correct,False,False,573375,573375,,
INV-H1-000006,6,development,correct,False,False,1746150,1746150,,
INV-H1-000007,7,development,correct,False,False,2958400,2958400,,
INV-H1-000008,8,held_aside,correct,False,False,798790,798790,,
INV-H1-000009,9,development,correct,False,False,2637550,2637550,,
INV-H1-000010,10,development,correct,False,False,2276950,2276950,,
INV-H1-000011,11,development,correct,False,False,2533435,2533435,,
INV-H1-000012,12,development,review,False,True,,901100,,service_match_unresolved
INV-H1-000013,13,development,review,False,True,,5857340,,service_match_unresolved
INV-H1-000014,14,held_aside,correct,False,False,1635750,1635750,,
INV-H1-000015,15,held_aside,erroneous,True,False,1210600,1284475,daily_cap|invoice_amount|line_amount,
INV-H1-000016,16,development,correct,False,False,1468550,1468550,,
INV-H1-000017,17,held_aside,correct,False,False,2482025,2482025,,
INV-H1-000018,18,development,correct,False,False,3884375,3884375,,
INV-H1-000019,19,development,correct,False,False,4591275,4591275,,
INV-H1-000020,20,development,correct,False,False,3303760,3303760,,
INV-H1-000021,21,development,review,False,True,,3327025,,service_match_unresolved
INV-H1-000022,22,held_aside,correct,False,False,1347525,1347525,,
INV-H1-000023,23,development,correct,False,False,2197875,2197875,,
INV-H1-000024,24,held_aside,correct,False,False,1939625,1939625,,
INV-H1-000025,25,held_aside,review,False,True,,2658350,,service_match_unresolved
INV-H1-000026,26,development,correct,False,False,1030950,1030950,,
INV-H1-000027,27,development,correct,False,False,1326550,1326550,,
INV-H1-000028,28,held_aside,correct,False,False,3658525,3658525,,
INV-H1-000029,29,development,correct,False,False,2568375,2568375,,
INV-H1-000030,30,development,correct,False,False,651525,651525,,
INV-H1-000031,31,development,review,False,True,,4818309,,service_match_unresolved
INV-H1-000032,32,held_aside,review,False,True,,5775993,,service_match_unresolved
INV-H1-000033,33,development,review,False,True,,4719600,,service_match_unresolved
INV-H1-000034,34,development,correct,False,False,3784280,3784280,,
INV-H1-000035,35,held_aside,correct,False,False,2663790,2663790,,
INV-H1-000036,36,development,erroneous,True,True,,2836375,service_date,delivered_quantity_or_duplicate_identity_uncertain|exclusion_presence_uncertain|invalid_date_payability_requires_review|retention_or_payable_quantity_requires_review|service_match_unresolved|volume_discount_uncertain
INV-H1-000037,37,development,review,False,True,,2519775,,volume_discount_uncertain
INV-H1-000038,38,held_aside,review,False,True,,5555200,,volume_discount_uncertain
INV-H1-000039,39,held_aside,review,False,True,,1526450,,service_match_unresolved
INV-H1-000040,40,development,correct,False,False,2436525,2436525,,
INV-H1-000041,41,held_aside,review,False,True,,1860775,,volume_discount_uncertain
INV-H1-000042,42,development,review,False,True,,5287775,,volume_discount_uncertain
INV-H1-000043,43,development,review,False,True,,3035675,,exclusion_presence_uncertain|retention_or_payable_quantity_requires_review|volume_discount_uncertain
INV-H1-000044,44,development,review,False,True,,2903025,,volume_discount_uncertain
INV-H1-000045,45,held_aside,review,False,True,,3413000,,exclusion_presence_uncertain|retention_or_payable_quantity_requires_review|volume_discount_uncertain
INV-H1-000046,46,development,review,False,True,,2468085,,volume_discount_uncertain
INV-H1-000047,47,development,correct,False,False,716400,716400,,
INV-H1-000048,48,held_aside,review,False,True,,1133650,,service_match_unresolved
INV-H1-000049,49,development,erroneous,True,True,,2866210,daily_cap|line_amount|unit_price,service_match_unresolved|volume_discount_uncertain
INV-H1-000050,50,development,review,False,True,,3415025,,volume_discount_uncertain
INV-H1-000051,51,development,correct,False,False,1504500,1504500,,
INV-H1-000052,52,development,review,False,True,,5011000,,volume_discount_uncertain
INV-H1-000053,53,held_aside,review,False,True,,4593070,,volume_discount_uncertain
INV-H1-000054,54,development,correct,False,False,735320,735320,,
INV-H1-000055,55,development,correct,False,False,2246625,2246625,,
INV-H1-000056,56,held_aside,correct,False,False,4406950,4406950,,
INV-H1-000057,57,development,review,False,True,,5416708,,exclusion_presence_uncertain|retention_or_payable_quantity_requires_review|volume_discount_uncertain
INV-H1-000058,58,development,review,False,True,,6086853,,volume_discount_uncertain
INV-H1-000059,59,development,correct,False,False,2717295,2717295,,
INV-H1-000060,60,held_aside,review,False,True,,4774375,,exclusion_presence_uncertain|retention_or_payable_quantity_requires_review|volume_discount_uncertain
INV-H1-000061,61,development,review,False,True,,3528885,,service_match_unresolved|volume_discount_uncertain
INV-H1-000062,62,held_aside,review,False,True,,2191605,,volume_discount_uncertain
INV-H1-000063,63,held_aside,review,False,True,,4216210,,exclusion_presence_uncertain|retention_or_payable_quantity_requires_review|service_match_unresolved|volume_discount_uncertain
INV-H1-000064,64,held_aside,review,False,True,,2719375,,volume_discount_uncertain
INV-H1-000065,65,development,review,False,True,,4163140,,volume_discount_uncertain
INV-H1-000066,66,held_aside,review,False,True,,2090085,,volume_discount_uncertain
INV-H1-000067,67,development,review,False,True,,3920858,,delivered_quantity_or_duplicate_identity_uncertain|exclusion_presence_uncertain|retention_or_payable_quantity_requires_review|volume_discount_uncertain
INV-H1-000068,68,development,erroneous,True,True,,2123825,invoice_arithmetic|invoice_identifier|record_join|service_date,delivered_quantity_or_duplicate_identity_uncertain|exclusion_presence_uncertain|invalid_date_payability_requires_review|invoice_identifier_join_ambiguous|missing_or_ambiguous_invoice_join|missing_patient_context|premium_eligibility_uncertain|retention_or_payable_quantity_requires_review|service_match_unresolved|volume_discount_uncertain
INV-H1-000069,69,development,erroneous,True,True,,1712345,invoice_arithmetic|line_amount|line_arithmetic|service_date,delivered_quantity_or_duplicate_identity_uncertain|invalid_date_payability_requires_review|retention_or_payable_quantity_requires_review|volume_discount_uncertain
INV-H1-000070,70,development,review,False,True,,3435390,,exclusion_presence_uncertain|retention_or_payable_quantity_requires_review|volume_discount_uncertain
INV-H1-000071,71,development,review,False,True,,4095286,,service_match_unresolved|volume_discount_uncertain
INV-H1-000072,72,development,erroneous,True,True,,1094973,line_amount|service_date|unit_price,invalid_date_payability_requires_review|retention_or_payable_quantity_requires_review
INV-H1-000073,73,development,review,False,True,,998330,,volume_discount_uncertain
INV-H1-000074,74,development,review,False,True,,2893525,,service_match_unresolved
INV-H1-000075,75,held_aside,review,False,True,,6543958,,exclusion_presence_uncertain|retention_or_payable_quantity_requires_review|service_match_unresolved
INV-H1-000076,76,held_aside,review,False,True,,5202589,,exclusion_presence_uncertain|retention_or_payable_quantity_requires_review|volume_discount_uncertain
INV-H1-000077,77,development,review,False,True,,2125563,,service_match_unresolved|volume_discount_uncertain
INV-H1-000078,78,development,review,False,True,,4555925,,exclusion_presence_uncertain|retention_or_payable_quantity_requires_review|service_match_unresolved
INV-H1-000079,79,held_aside,review,False,True,,917295,,volume_discount_uncertain
INV-H1-000080,80,development,correct,False,False,1774490,1774490,,
INV-H1-000081,81,development,review,False,True,,2222295,,volume_discount_uncertain
INV-H1-000082,82,development,review,False,True,,3250327,,volume_discount_uncertain
INV-H1-000083,83,held_aside,correct,False,False,1732620,1732620,,
INV-H1-000084,84,held_aside,review,False,True,,1691000,,exclusion_presence_uncertain|retention_or_payable_quantity_requires_review|volume_discount_uncertain
INV-H1-000085,85,development,review,False,True,,2377573,,exclusion_presence_uncertain|retention_or_payable_quantity_requires_review|volume_discount_uncertain
INV-H1-000086,86,development,review,False,True,,2623517,,exclusion_presence_uncertain|retention_or_payable_quantity_requires_review|volume_discount_uncertain
INV-H1-000087,87,development,review,False,True,,3649802,,exclusion_presence_uncertain|retention_or_payable_quantity_requires_review
INV-H1-000088,88,held_aside,review,False,True,,2198135,,service_match_unresolved|volume_discount_uncertain
INV-H1-000089,89,development,review,False,True,,5768078,,volume_discount_uncertain
INV-H1-000090,90,development,correct,False,False,5789172,5789172,,
INV-H1-000091,91,development,review,False,True,,4143318,,volume_discount_uncertain
INV-H1-000092,92,held_aside,review,False,True,,4326055,,volume_discount_uncertain
INV-H1-000093,93,development,review,False,True,,1480030,,volume_discount_uncertain
INV-H1-000094,94,development,review,False,True,,6420201,,volume_discount_uncertain
INV-H1-000095,95,development,review,False,True,,3862246,,volume_discount_uncertain
INV-H1-000096,96,development,review,False,True,,3535769,,volume_discount_uncertain
INV-H1-000097,97,development,review,False,True,,1908619,,volume_discount_uncertain
INV-H1-000098,98,development,correct,False,False,1485218,1485218,,
INV-H1-000099,99,held_aside,review,False,True,,2059682,,volume_discount_uncertain
INV-H1-000100,100,development,review,False,True,,2752722,,volume_discount_uncertain
INV-H1-000101,101,held_aside,correct,False,False,1653025,1653025,,
INV-H1-000102,102,held_aside,erroneous,True,True,,2736250,unit_price,exclusion_presence_uncertain|retention_or_payable_quantity_requires_review|volume_discount_uncertain
INV-H1-000103,103,held_aside,review,False,True,,1299446,,volume_discount_uncertain
INV-H1-000104,104,development,review,False,True,,4209755,,exclusion_presence_uncertain|retention_or_payable_quantity_requires_review|volume_discount_uncertain
INV-H1-000105,105,development,review,False,True,,803700,,service_match_unresolved
INV-H1-000106,106,development,review,False,True,,4038195,,service_match_unresolved|volume_discount_uncertain
INV-H1-000107,107,development,review,False,True,,2969100,,service_match_unresolved
INV-H1-000108,108,development,review,False,True,,1088200,,service_match_unresolved
INV-H1-000109,109,development,review,False,True,,4890475,,service_match_unresolved|volume_discount_uncertain
INV-H1-000110,110,held_aside,review,False,True,,4316920,,service_match_unresolved|volume_discount_uncertain
INV-H1-000111,111,development,correct,False,False,3071279,3071279,,
INV-H1-000112,112,development,review,False,True,,1462370,,volume_discount_uncertain
INV-H1-000113,113,held_aside,correct,False,False,2172980,2172980,,
INV-H1-000114,114,development,review,False,True,,1878330,,volume_discount_uncertain
INV-H1-000115,115,development,review,False,True,,3220280,,exclusion_presence_uncertain|retention_or_payable_quantity_requires_review|volume_discount_uncertain
INV-H1-000116,116,development,review,False,True,,2979088,,delivered_quantity_or_duplicate_identity_uncertain|premium_eligibility_uncertain|retention_or_payable_quantity_requires_review|service_match_unresolved|volume_discount_uncertain
INV-H1-000117,117,development,review,False,True,,1754196,,volume_discount_uncertain
INV-H1-000118,118,development,correct,False,False,2313500,2313500,,
INV-H1-000119,119,development,review,False,True,,4726611,,service_match_unresolved
INV-H1-000120,120,held_aside,correct,False,False,1120950,1120950,,
INV-H1-000121,121,development,review,False,True,,3190886,,volume_discount_uncertain
INV-H1-000122,122,held_aside,correct,False,False,1717175,1717175,,
INV-H1-000123,123,development,review,False,True,,6219545,,exclusion_presence_uncertain|retention_or_payable_quantity_requires_review|service_match_unresolved|volume_discount_uncertain
INV-H1-000124,124,held_aside,review,False,True,,3563879,,volume_discount_uncertain
INV-H1-000125,125,development,review,False,True,,3707573,,volume_discount_uncertain
INV-H1-000126,126,development,correct,False,False,2743654,2743654,,
INV-H1-000127,127,development,review,False,True,,3450277,,volume_discount_uncertain
INV-H1-000128,128,held_aside,review,False,True,,3552483,,volume_discount_uncertain
INV-H1-000129,129,development,correct,False,False,1630054,1630054,,
INV-H1-000130,130,development,correct,False,False,5103553,5103553,,
INV-H1-000131,131,development,review,False,True,,952625,,service_match_unresolved
INV-H1-000132,132,development,erroneous,True,True,,2536783,unit_price,delivered_quantity_or_duplicate_identity_uncertain|exclusion_presence_uncertain|premium_eligibility_uncertain|retention_or_payable_quantity_requires_review|service_match_unresolved|volume_discount_uncertain
INV-H1-000133,133,development,review,False,True,,1524655,,exclusion_presence_uncertain|retention_or_payable_quantity_requires_review
INV-H1-000134,134,development,review,False,True,,4346902,,volume_discount_uncertain
INV-H1-000135,135,held_aside,review,False,True,,2124065,,service_match_unresolved
INV-H1-000136,136,development,correct,False,False,2295200,2295200,,
INV-H1-000137,137,held_aside,review,False,True,,5091453,,exclusion_presence_uncertain|retention_or_payable_quantity_requires_review|volume_discount_uncertain
INV-H1-000138,138,held_aside,review,False,True,,3902623,,exclusion_presence_uncertain|retention_or_payable_quantity_requires_review|volume_discount_uncertain
INV-H1-000139,139,held_aside,review,False,True,,2570288,,exclusion_presence_uncertain|retention_or_payable_quantity_requires_review|volume_discount_uncertain
INV-H1-000140,140,development,review,False,True,,1375954,,volume_discount_uncertain
INV-H1-000141,141,development,review,False,True,,2651411,,volume_discount_uncertain
INV-H1-000142,142,development,review,False,True,,2105775,,volume_discount_uncertain
INV-H1-000143,143,development,review,False,True,,3916797,,volume_discount_uncertain
INV-H1-000144,144,held_aside,review,False,True,,5591925,,service_match_unresolved|volume_discount_uncertain
INV-H1-000145,145,held_aside,review,False,True,,3707925,,volume_discount_uncertain
INV-H1-000146,146,development,review,False,True,,2709500,,volume_discount_uncertain
INV-H1-000147,147,development,review,False,True,,2235997,,volume_discount_uncertain
INV-H1-000148,148,held_aside,erroneous,True,True,,1322429,service_date,delivered_quantity_or_duplicate_identity_uncertain|invalid_date_payability_requires_review|retention_or_payable_quantity_requires_review|volume_discount_uncertain
INV-H1-000149,149,held_aside,review,False,True,,1367397,,delivered_quantity_or_duplicate_identity_uncertain|retention_or_payable_quantity_requires_review|volume_discount_uncertain
INV-H1-000150,150,development,review,False,True,,4188767,,volume_discount_uncertain
INV-H1-000151,151,development,erroneous,True,True,,2953392,line_amount|unit_price,volume_discount_uncertain
INV-H1-000152,152,development,erroneous,True,True,,3899160,invoice_arithmetic|invoice_identifier|record_join|service_date,delivered_quantity_or_duplicate_identity_uncertain|exclusion_presence_uncertain|invalid_date_payability_requires_review|invoice_identifier_join_ambiguous|missing_or_ambiguous_invoice_join|missing_patient_context|premium_eligibility_uncertain|retention_or_payable_quantity_requires_review|service_match_unresolved|volume_discount_uncertain
INV-H1-000153,153,development,review,False,True,,4539542,,delivered_quantity_or_duplicate_identity_uncertain|retention_or_payable_quantity_requires_review|volume_discount_uncertain
INV-H1-000154,154,held_aside,review,False,True,,2210575,,delivered_quantity_or_duplicate_identity_uncertain|retention_or_payable_quantity_requires_review
INV-H1-000068,155,development,erroneous,True,True,,2182165,invoice_arithmetic|invoice_identifier|record_join|service_date,delivered_quantity_or_duplicate_identity_uncertain|exclusion_presence_uncertain|invalid_date_payability_requires_review|invoice_identifier_join_ambiguous|missing_or_ambiguous_invoice_join|missing_patient_context|premium_eligibility_uncertain|retention_or_payable_quantity_requires_review|service_match_unresolved|volume_discount_uncertain
INV-H1-000156,156,development,review,False,True,,3777759,,volume_discount_uncertain
INV-H1-000157,157,development,correct,False,False,2645175,2645175,,
INV-H1-000158,158,development,review,False,True,,3821275,,delivered_quantity_or_duplicate_identity_uncertain|retention_or_payable_quantity_requires_review|volume_discount_uncertain
INV-H1-000159,159,development,review,False,True,,2987202,,service_match_unresolved|volume_discount_uncertain
INV-H1-000160,160,held_aside,review,False,True,,3094372,,delivered_quantity_or_duplicate_identity_uncertain|exclusion_presence_uncertain|retention_or_payable_quantity_requires_review|volume_discount_uncertain
INV-H1-000161,161,development,review,False,True,,4172207,,service_match_unresolved|volume_discount_uncertain
INV-H1-000162,162,development,review,False,True,,3728407,,volume_discount_uncertain
INV-H1-000163,163,held_aside,review,False,True,,1275816,,volume_discount_uncertain
INV-H1-000164,164,development,correct,False,False,4678900,4678900,,
INV-H1-000165,165,development,review,False,True,,2989711,,exclusion_presence_uncertain|retention_or_payable_quantity_requires_review|volume_discount_uncertain
INV-H1-000166,166,development,correct,False,False,2630702,2630702,,
INV-H1-000167,167,development,review,False,True,,4403102,,exclusion_presence_uncertain|retention_or_payable_quantity_requires_review|service_match_unresolved|volume_discount_uncertain
INV-H1-000168,168,development,correct,False,False,1048375,1048375,,
INV-H1-000169,169,development,review,False,True,,3072015,,service_match_unresolved
INV-H1-000170,170,development,review,False,True,,3948137,,volume_discount_uncertain
INV-H1-000171,171,development,review,False,True,,1489231,,volume_discount_uncertain
INV-H1-000172,172,development,review,False,True,,4389721,,service_match_unresolved|volume_discount_uncertain
INV-H1-000173,173,held_aside,review,False,True,,2077822,,volume_discount_uncertain
INV-H1-000174,174,development,review,False,True,,2182558,,volume_discount_uncertain
INV-H1-000175,175,held_aside,review,False,True,,3583250,,volume_discount_uncertain
INV-H1-000176,176,development,review,False,True,,878150,,service_match_unresolved
INV-H1-000177,177,development,review,False,True,,3040275,,service_match_unresolved
INV-H1-000178,178,development,review,False,True,,1634893,,service_match_unresolved|volume_discount_uncertain
INV-H1-000179,179,development,erroneous,True,True,,2029698,service_date,delivered_quantity_or_duplicate_identity_uncertain|invalid_date_payability_requires_review|retention_or_payable_quantity_requires_review|service_match_unresolved
INV-H1-000180,180,development,review,False,True,,2668790,,service_match_unresolved|volume_discount_uncertain
INV-H1-000181,181,development,review,False,True,,3427391,,exclusion_presence_uncertain|retention_or_payable_quantity_requires_review|service_match_unresolved|volume_discount_uncertain
INV-H1-000182,182,development,review,False,True,,3604488,,service_match_unresolved|volume_discount_uncertain
INV-H1-000183,183,development,review,False,True,,2300536,,exclusion_presence_uncertain|retention_or_payable_quantity_requires_review
INV-H1-000184,184,development,review,False,True,,1557865,,volume_discount_uncertain
INV-H1-000185,185,development,correct,False,False,1699725,1699725,,
INV-H1-000186,186,development,erroneous,True,True,,1980198,line_amount|line_arithmetic,volume_discount_uncertain
INV-H1-000187,187,development,review,False,True,,4412373,,service_match_unresolved
INV-H1-000188,188,development,review,False,True,,4634848,,volume_discount_uncertain
INV-H1-000152,189,development,erroneous,True,True,,1322245,contract_number|invoice_arithmetic|invoice_identifier|record_join|service_date,delivered_quantity_or_duplicate_identity_uncertain|exclusion_presence_uncertain|invalid_date_payability_requires_review|invoice_identifier_join_ambiguous|missing_or_ambiguous_invoice_join|missing_patient_context|premium_eligibility_uncertain|retention_or_payable_quantity_requires_review|service_match_unresolved|volume_discount_uncertain
INV-H1-000190,190,development,review,False,True,,1525575,,delivered_quantity_or_duplicate_identity_uncertain|retention_or_payable_quantity_requires_review
INV-H1-000191,191,held_aside,review,False,True,,1850955,,delivered_quantity_or_duplicate_identity_uncertain|retention_or_payable_quantity_requires_review
INV-H1-000192,192,development,review,False,True,,2836106,,volume_discount_uncertain
INV-H1-000193,193,development,correct,False,False,1199225,1199225,,
INV-H1-000194,194,development,review,False,True,,3257237,,volume_discount_uncertain
INV-H1-000195,195,held_aside,correct,False,False,1936050,1936050,,
INV-H1-000196,196,development,review,False,True,,4653710,,delivered_quantity_or_duplicate_identity_uncertain|premium_eligibility_uncertain|retention_or_payable_quantity_requires_review|service_match_unresolved|volume_discount_uncertain
INV-H1-000197,197,held_aside,review,False,True,,4641876,,volume_discount_uncertain
INV-H1-000198,198,development,review,False,True,,1574800,,volume_discount_uncertain
INV-H1-000199,199,development,review,False,True,,3109476,,volume_discount_uncertain
INV-H1-000200,200,development,correct,False,False,391940,391940,,
INV-H1-000201,201,held_aside,erroneous,True,False,2958995,3064595,contract_number|invoice_amount|line_amount|unit_price,
INV-H1-000202,202,development,review,False,True,,1151081,,volume_discount_uncertain
INV-H1-000203,203,development,review,False,True,,1769315,,service_match_unresolved
INV-H1-000204,204,development,review,False,True,,5363858,,volume_discount_uncertain
INV-H1-000205,205,development,correct,False,False,2828080,2828080,,
INV-H1-000206,206,development,correct,False,False,3922525,3922525,,
INV-H1-000207,207,development,review,False,True,,4418544,,volume_discount_uncertain
INV-H1-000208,208,held_aside,review,False,True,,4283675,,volume_discount_uncertain
INV-H1-000209,209,development,correct,False,False,2770297,2770297,,
INV-H1-000210,210,development,review,False,True,,2813386,,volume_discount_uncertain
INV-H1-000211,211,held_aside,erroneous,True,True,,1567925,exclusion_window|line_amount|unit_basis,contract_quantity_unknown_due_to_unit_mismatch|delivered_quantity_or_duplicate_identity_uncertain|retention_or_payable_quantity_requires_review
INV-H1-000212,212,development,correct,False,False,3871775,3871775,,
INV-H1-000213,213,held_aside,correct,False,False,2113488,2113488,,
INV-H1-000214,214,held_aside,review,False,True,,1083650,,volume_discount_uncertain
INV-H1-000215,215,development,review,False,True,,5373340,,volume_discount_uncertain
INV-H1-000216,216,development,review,False,True,,848096,,volume_discount_uncertain
INV-H1-000217,217,development,review,False,True,,1552154,,volume_discount_uncertain
INV-H1-000218,218,development,review,False,True,,4270306,,volume_discount_uncertain
INV-H1-000219,219,held_aside,erroneous,True,True,,2759133,service_date,delivered_quantity_or_duplicate_identity_uncertain|invalid_date_payability_requires_review|retention_or_payable_quantity_requires_review|service_match_unresolved|volume_discount_uncertain
INV-H1-000220,220,development,review,False,True,,3949434,,service_match_unresolved|volume_discount_uncertain
INV-H1-000221,221,held_aside,correct,False,False,3481583,3481583,,
INV-H1-000222,222,held_aside,correct,False,False,1394560,1394560,,
INV-H1-000223,223,held_aside,correct,False,False,2992640,2992640,,
INV-H1-000224,224,held_aside,review,False,True,,2144177,,volume_discount_uncertain
INV-H1-000225,225,held_aside,review,False,True,,1912774,,volume_discount_uncertain
INV-H1-000226,226,development,review,False,True,,3052975,,volume_discount_uncertain
INV-H1-000227,227,development,erroneous,True,True,,5492725,daily_cap|invoice_arithmetic|line_amount,service_match_unresolved
INV-H1-000228,228,development,review,False,True,,5703033,,service_match_unresolved
INV-H1-000229,229,held_aside,review,False,True,,3209175,,service_match_unresolved
INV-H1-000230,230,development,review,False,True,,4288169,,volume_discount_uncertain
INV-H1-000231,231,development,erroneous,True,False,1857000,1991725,duplicate_billing|invoice_amount|line_amount,
INV-H1-000232,232,development,correct,False,False,1776500,1776500,,
INV-H1-000233,233,development,correct,False,False,1342604,1342604,,
INV-H1-000234,234,held_aside,review,False,True,,3237598,,volume_discount_uncertain
INV-H1-000235,235,held_aside,review,False,True,,2869701,,volume_discount_uncertain
INV-H1-000236,236,development,erroneous,True,True,,1420000,line_amount|unit_basis|unit_price,contract_quantity_unknown_due_to_unit_mismatch|delivered_quantity_or_duplicate_identity_uncertain|retention_or_payable_quantity_requires_review
INV-H1-000237,237,held_aside,correct,False,False,1737059,1737059,,
INV-H1-000238,238,development,correct,False,False,2497748,2497748,,
INV-H1-000239,239,development,review,False,True,,5281118,,volume_discount_uncertain
INV-H1-000240,240,development,correct,False,False,4511850,4511850,,
INV-H1-000241,241,development,review,False,True,,977296,,volume_discount_uncertain
INV-H1-000242,242,development,correct,False,False,4382326,4382326,,
INV-H1-000243,243,development,correct,False,False,1323865,1323865,,
INV-H1-000244,244,development,correct,False,False,2047736,2047736,,
INV-H1-000245,245,development,correct,False,False,1082990,1082990,,
INV-H1-000246,246,held_aside,review,False,True,,5672351,,volume_discount_uncertain
INV-H1-000247,247,held_aside,correct,False,False,2600025,2600025,,
INV-H1-000248,248,development,review,False,True,,544710,,service_match_unresolved|volume_discount_uncertain
INV-H1-000249,249,development,review,False,True,,3013610,,service_match_unresolved
INV-H1-000250,250,development,correct,False,False,4872236,4872236,,
INV-H1-000251,251,development,correct,False,False,3053898,3053898,,
INV-H1-000252,252,development,review,False,True,,863125,,service_match_unresolved
INV-H1-000253,253,development,review,False,True,,4520236,,service_match_unresolved|volume_discount_uncertain
INV-H1-000254,254,development,review,False,True,,3814367,,service_match_unresolved
INV-H1-000255,255,development,review,False,True,,2420053,,volume_discount_uncertain
INV-H1-000256,256,development,correct,False,False,3513900,3513900,,
INV-H1-000257,257,development,erroneous,True,True,,2641295,line_amount|line_arithmetic|unit_basis,contract_quantity_unknown_due_to_unit_mismatch|delivered_quantity_or_duplicate_identity_uncertain|retention_or_payable_quantity_requires_review
INV-H1-000258,258,development,correct,False,False,1460663,1460663,,
INV-H1-000259,259,development,review,False,True,,3960786,,volume_discount_uncertain
INV-H1-000260,260,development,review,False,True,,2665371,,service_match_unresolved
INV-H1-000261,261,development,review,False,True,,4458808,,delivered_quantity_or_duplicate_identity_uncertain|retention_or_payable_quantity_requires_review|service_match_unresolved
INV-H1-000262,262,development,review,False,True,,4999710,,service_match_unresolved
INV-H1-000263,263,held_aside,correct,False,False,2241675,2241675,,
INV-H1-000264,264,development,correct,False,False,3573037,3573037,,
INV-H1-000265,265,development,review,False,True,,1725938,,volume_discount_uncertain
INV-H1-000266,266,development,correct,False,False,2910707,2910707,,
INV-H1-000267,267,development,correct,False,False,2559275,2559275,,
INV-H1-000268,268,development,review,False,True,,2917243,,service_match_unresolved|volume_discount_uncertain
INV-H1-000269,269,development,review,False,True,,3835498,,service_match_unresolved
INV-H1-000270,270,development,correct,False,False,4244547,4244547,,
INV-H1-000271,271,development,erroneous,True,False,5043791,5139791,invoice_amount|line_amount|unit_price,
INV-H1-000272,272,development,correct,False,False,1597704,1597704,,
INV-H1-000273,273,held_aside,correct,False,False,1306725,1306725,,
INV-H1-000274,274,development,erroneous,True,True,,4830260,service_date,invalid_date_payability_requires_review|retention_or_payable_quantity_requires_review|service_match_unresolved
INV-H1-000275,275,development,review,False,True,,1307228,,volume_discount_uncertain
INV-H1-000276,276,development,correct,False,False,1799385,1799385,,
INV-H1-000277,277,development,correct,False,False,3327275,3327275,,
INV-H1-000278,278,development,review,False,True,,2961500,,service_match_unresolved
INV-H1-000279,279,development,correct,False,False,6811727,6811727,,
INV-H1-000280,280,development,correct,False,False,610500,610500,,
INV-H1-000281,281,development,erroneous,True,True,,5732823,invoice_arithmetic|line_amount|service_date|unit_price,delivered_quantity_or_duplicate_identity_uncertain|invalid_date_payability_requires_review|retention_or_payable_quantity_requires_review|volume_discount_uncertain
INV-H1-000282,282,development,review,False,True,,4099094,,service_match_unresolved
INV-H1-000283,283,held_aside,erroneous,True,True,,1881268,contract_number|invoice_arithmetic,volume_discount_uncertain
INV-H1-000284,284,development,correct,False,False,4714099,4714099,,
INV-H1-000285,285,held_aside,review,False,True,,2413988,,service_match_unresolved|volume_discount_uncertain
INV-H1-000286,286,held_aside,review,False,True,,1729332,,delivered_quantity_or_duplicate_identity_uncertain|retention_or_payable_quantity_requires_review
INV-H1-000287,287,development,correct,False,False,6027372,6027372,,
INV-H1-000288,288,development,review,False,True,,2537184,,delivered_quantity_or_duplicate_identity_uncertain|retention_or_payable_quantity_requires_review|service_match_unresolved
INV-H1-000289,289,development,review,False,True,,3937921,,volume_discount_uncertain
INV-H1-000290,290,development,correct,False,False,2638495,2638495,,
INV-H1-000291,291,development,correct,False,False,1087125,1087125,,
INV-H1-000292,292,development,review,False,True,,5170138,,service_match_unresolved
INV-H1-000293,293,development,correct,False,False,1998575,1998575,,
INV-H1-000294,294,held_aside,correct,False,False,3254027,3254027,,
INV-H1-000295,295,development,review,False,True,,2470884,,service_match_unresolved
INV-H1-000296,296,development,correct,False,False,1028250,1028250,,
INV-H1-000297,297,development,review,False,True,,3733404,,service_match_unresolved
INV-H1-000298,298,development,review,False,True,,4323122,,service_match_unresolved
INV-H1-000299,299,held_aside,correct,False,False,1765725,1765725,,
INV-H1-000300,300,held_aside,review,False,True,,5214349,,service_match_unresolved
INV-H1-000301,301,development,review,False,True,,3120395,,delivered_quantity_or_duplicate_identity_uncertain|retention_or_payable_quantity_requires_review|service_match_unresolved
INV-H1-000302,302,development,correct,False,False,2047225,2047225,,
INV-H1-000303,303,development,correct,False,False,1755545,1755545,,
INV-H1-000304,304,development,erroneous,True,True,,1878062,line_amount|unit_price,delivered_quantity_or_duplicate_identity_uncertain|retention_or_payable_quantity_requires_review|service_match_unresolved
INV-H1-000305,305,development,correct,False,False,3792595,3792595,,
INV-H1-000306,306,development,review,False,True,,1378286,,volume_discount_uncertain
INV-H1-000307,307,development,review,False,True,,4566413,,service_match_unresolved
INV-H1-000308,308,development,correct,False,False,2262777,2262777,,
INV-H1-000309,309,development,correct,False,False,3586962,3586962,,
INV-H1-000310,310,development,correct,False,False,2067950,2067950,,
INV-H1-000311,311,development,correct,False,False,5054797,5054797,,
INV-H1-000312,312,development,review,False,True,,3271467,,service_match_unresolved
INV-H1-000313,313,development,review,False,True,,2000710,,service_match_unresolved|volume_discount_uncertain
INV-H1-000314,314,development,correct,False,False,1964300,1964300,,
INV-H1-000315,315,held_aside,correct,False,False,2377226,2377226,,
INV-H1-000316,316,development,correct,False,False,3615350,3615350,,
INV-H1-000317,317,development,correct,False,False,3938225,3938225,,
INV-H1-000318,318,development,correct,False,False,2883937,2883937,,
INV-H1-000319,319,held_aside,review,False,True,,1087921,,volume_discount_uncertain
INV-H1-000320,320,development,review,False,True,,3917514,,service_match_unresolved
INV-H1-000321,321,development,review,False,True,,1654264,,volume_discount_uncertain
INV-H1-000322,322,development,correct,False,False,5109300,5109300,,
INV-H1-000323,323,development,review,False,True,,3047421,,volume_discount_uncertain
INV-H1-000324,324,development,review,False,True,,2108575,,service_match_unresolved
INV-H1-000325,325,development,correct,False,False,536860,536860,,
INV-H1-000326,326,development,correct,False,False,4087586,4087586,,
INV-H1-000327,327,held_aside,correct,False,False,2505119,2505119,,
INV-H1-000328,328,development,correct,False,False,1134870,1134870,,
INV-H1-000329,329,development,review,False,True,,3910743,,service_match_unresolved
INV-H1-000330,330,held_aside,correct,False,False,2678730,2678730,,
INV-H1-000331,331,development,correct,False,False,3391248,3391248,,
INV-H1-000332,332,development,review,False,True,,2651838,,service_match_unresolved
INV-H1-000333,333,held_aside,correct,False,False,1720900,1720900,,
INV-H1-000334,334,development,review,False,True,,3936038,,volume_discount_uncertain
INV-H1-000335,335,development,review,False,True,,3255685,,service_match_unresolved
INV-H1-000336,336,development,review,False,True,,6942726,,service_match_unresolved
INV-H1-000337,337,development,correct,False,False,2136588,2136588,,
INV-H1-000338,338,development,review,False,True,,2344149,,service_match_unresolved
INV-H1-000339,339,development,correct,False,False,3912969,3912969,,
INV-H1-000340,340,development,correct,False,False,576905,576905,,
INV-H1-000341,341,development,review,False,True,,4071914,,service_match_unresolved
INV-H1-000342,342,held_aside,correct,False,False,1577666,1577666,,
INV-H1-000343,343,development,correct,False,False,3194404,3194404,,
INV-H1-000344,344,development,correct,False,False,1373305,1373305,,
INV-H1-000345,345,development,review,False,True,,4950257,,volume_discount_uncertain
INV-H1-000346,346,development,review,False,True,,3645988,,volume_discount_uncertain
INV-H1-000347,347,development,review,False,True,,1686851,,service_match_unresolved
INV-H1-000348,348,development,erroneous,True,True,,4415338,line_amount|unit_price,delivered_quantity_or_duplicate_identity_uncertain|exclusion_presence_uncertain|retention_or_payable_quantity_requires_review|service_match_unresolved|volume_discount_uncertain
INV-H1-000349,349,development,review,False,True,,3901242,,service_match_unresolved
INV-H1-000350,350,development,correct,False,False,3941391,3941391,,
INV-H1-000351,351,held_aside,correct,False,False,2695558,2695558,,
INV-H1-000352,352,held_aside,erroneous,True,False,1772000,1971430,invoice_amount|invoice_arithmetic|line_amount|unit_price,
INV-H1-000353,353,development,correct,False,False,4603398,4603398,,
INV-H1-000354,354,development,correct,False,False,1285121,1285121,,
INV-H1-000355,355,held_aside,correct,False,False,2311350,2311350,,
INV-H1-000356,356,held_aside,correct,False,False,1688485,1688485,,
INV-H1-000357,357,development,correct,False,False,2148982,2148982,,
INV-H1-000358,358,held_aside,correct,False,False,1266351,1266351,,
INV-H1-000359,359,development,review,False,True,,1190493,,service_match_unresolved
INV-H1-000360,360,held_aside,correct,False,False,1356858,1356858,,
INV-H1-000361,361,development,review,False,True,,5582221,,delivered_quantity_or_duplicate_identity_uncertain|retention_or_payable_quantity_requires_review|service_match_unresolved
INV-H1-000362,362,development,erroneous,True,False,2585375,2702627,invoice_amount|line_amount|unit_price,
INV-H1-000363,363,development,review,False,True,,4940256,,volume_discount_uncertain
INV-H1-000364,364,held_aside,correct,False,False,2135850,2135850,,
INV-H1-000365,365,development,correct,False,False,851758,851758,,
INV-H1-000366,366,development,correct,False,False,3533188,3533188,,
INV-H1-000367,367,held_aside,correct,False,False,5712533,5712533,,
INV-H1-000368,368,development,review,False,True,,2639691,,volume_discount_uncertain
INV-H1-000369,369,development,erroneous,True,True,,5369613,unit_basis,contract_quantity_unknown_due_to_unit_mismatch|delivered_quantity_or_duplicate_identity_uncertain|retention_or_payable_quantity_requires_review|service_match_unresolved
INV-H1-000370,370,development,review,False,True,,5129544,,volume_discount_uncertain
INV-H1-000371,371,development,correct,False,False,4868595,4868595,,
INV-H1-000372,372,development,review,False,True,,2622700,,service_match_unresolved
INV-H1-000373,373,development,correct,False,False,4111730,4111730,,
INV-H1-000374,374,development,correct,False,False,2654366,2654366,,
INV-H1-000375,375,development,correct,False,False,2522051,2522051,,
INV-H1-000376,376,development,correct,False,False,1924073,1924073,,
INV-H1-000377,377,development,correct,False,False,1769400,1769400,,
INV-H1-000378,378,development,correct,False,False,4478725,4478725,,
INV-H1-000379,379,development,correct,False,False,1597325,1597325,,
INV-H1-000380,380,development,review,False,True,,2229670,,service_match_unresolved
INV-H1-000381,381,development,review,False,True,,3752825,,service_match_unresolved
INV-H1-000382,382,development,correct,False,False,491735,491735,,
INV-H1-000383,383,held_aside,review,False,True,,4803754,,service_match_unresolved
INV-H1-000384,384,held_aside,review,False,True,,2900825,,service_match_unresolved
INV-H1-000385,385,development,review,False,True,,5418912,,service_match_unresolved|volume_discount_uncertain
INV-H1-000386,386,development,review,False,True,,993200,,service_match_unresolved
INV-H1-000387,387,development,review,False,True,,2527815,,service_match_unresolved
INV-H1-000388,388,development,correct,False,False,1449822,1449822,,
INV-H1-000389,389,development,correct,False,False,808400,808400,,
INV-H1-000390,390,development,correct,False,False,3234713,3234713,,
INV-H1-000391,391,development,correct,False,False,1280575,1280575,,
INV-H1-000392,392,development,correct,False,False,1284269,1284269,,
INV-H1-000393,393,held_aside,correct,False,False,1456650,1456650,,
INV-H1-000394,394,development,review,False,True,,3151289,,service_match_unresolved|volume_discount_uncertain
INV-H1-000395,395,development,correct,False,False,2080896,2080896,,
INV-H1-000396,396,development,correct,False,False,3461313,3461313,,
INV-H1-000397,397,development,correct,False,False,545155,545155,,
INV-H1-000398,398,development,correct,False,False,2007470,2007470,,
INV-H1-000399,399,development,correct,False,False,2366250,2366250,,
INV-H1-000400,400,held_aside,review,False,True,,2752565,,service_match_unresolved
INV-H1-000401,401,development,review,False,True,,5262007,,volume_discount_uncertain
INV-H1-000402,402,development,correct,False,False,4234035,4234035,,
INV-H1-000403,403,development,review,False,True,,4418733,,volume_discount_uncertain
INV-H1-000404,404,development,correct,False,False,4829725,4829725,,
INV-H1-000405,405,development,review,False,True,,3411350,,service_match_unresolved
INV-H1-000406,406,development,review,False,True,,2423583,,service_match_unresolved|volume_discount_uncertain
INV-H1-000407,407,development,review,False,True,,1979738,,volume_discount_uncertain
INV-H1-000408,408,development,correct,False,False,2481807,2481807,,
INV-H1-000409,409,development,review,False,True,,2308621,,volume_discount_uncertain
INV-H1-000410,410,development,erroneous,True,True,,971719,unit_price,delivered_quantity_or_duplicate_identity_uncertain|exclusion_presence_uncertain|retention_or_payable_quantity_requires_review|service_match_unresolved
INV-H1-000411,411,development,review,False,True,,5180539,,volume_discount_uncertain
INV-H1-000412,412,held_aside,correct,False,False,2080883,2080883,,
INV-H1-000413,413,held_aside,correct,False,False,2339140,2339140,,
INV-H1-000414,414,development,review,False,True,,2722135,,volume_discount_uncertain
INV-H1-000415,415,development,review,False,True,,3968488,,service_match_unresolved
INV-H1-000416,416,development,review,False,True,,4179994,,volume_discount_uncertain
INV-H1-000417,417,development,correct,False,False,2093475,2093475,,
INV-H1-000418,418,development,correct,False,False,1869430,1869430,,
INV-H1-000419,419,development,review,False,True,,3815623,,service_match_unresolved
INV-H1-000420,420,development,review,False,True,,3323354,,service_match_unresolved
INV-H1-000421,421,development,correct,False,False,2719245,2719245,,
INV-H1-000422,422,development,review,False,True,,3506629,,service_match_unresolved
INV-H1-000423,423,development,correct,False,False,1024610,1024610,,
INV-H1-000424,424,development,review,False,True,,2025556,,volume_discount_uncertain
INV-H1-000425,425,development,correct,False,False,1800975,1800975,,
INV-H1-000426,426,development,review,False,True,,3325694,,volume_discount_uncertain
INV-H1-000427,427,development,correct,False,False,3572085,3572085,,
INV-H1-000428,428,held_aside,review,False,True,,3561933,,volume_discount_uncertain
INV-H1-000429,429,development,erroneous,True,True,,4112388,invoice_arithmetic|invoice_identifier|record_join|service_date,delivered_quantity_or_duplicate_identity_uncertain|exclusion_presence_uncertain|invalid_date_payability_requires_review|invoice_identifier_join_ambiguous|missing_or_ambiguous_invoice_join|missing_patient_context|premium_eligibility_uncertain|retention_or_payable_quantity_requires_review
INV-H1-000430,430,development,correct,False,False,1157907,1157907,,
INV-H1-000431,431,development,review,False,True,,3632283,,delivered_quantity_or_duplicate_identity_uncertain|retention_or_payable_quantity_requires_review|volume_discount_uncertain
INV-H1-000432,432,development,correct,False,False,2112125,2112125,,
INV-H1-000433,433,development,review,False,True,,2288782,,service_match_unresolved
INV-H1-000434,434,held_aside,review,False,True,,2387865,,delivered_quantity_or_duplicate_identity_uncertain|retention_or_payable_quantity_requires_review
INV-H1-000435,435,development,review,False,True,,3068051,,service_match_unresolved
INV-H1-000436,436,development,review,False,True,,3772569,,service_match_unresolved
INV-H1-000437,437,development,review,False,True,,621988,,volume_discount_uncertain
INV-H1-000438,438,development,review,False,True,,3797347,,service_match_unresolved
INV-H1-000439,439,development,correct,False,False,3233525,3233525,,
INV-H1-000440,440,development,review,False,True,,4267224,,service_match_unresolved|volume_discount_uncertain
INV-H1-000441,441,development,review,False,True,,4280274,,service_match_unresolved
INV-H1-000442,442,development,review,False,True,,2907688,,delivered_quantity_or_duplicate_identity_uncertain|retention_or_payable_quantity_requires_review|service_match_unresolved
INV-H1-000443,443,development,review,False,True,,3348335,,service_match_unresolved
INV-H1-000444,444,development,correct,False,False,977472,977472,,
INV-H1-000445,445,development,review,False,True,,4150329,,service_match_unresolved
INV-H1-000446,446,development,correct,False,False,3016748,3016748,,
INV-H1-000447,447,development,review,False,True,,3929492,,delivered_quantity_or_duplicate_identity_uncertain|retention_or_payable_quantity_requires_review|volume_discount_uncertain
INV-H1-000448,448,development,correct,False,False,1964750,1964750,,
INV-H1-000449,449,development,review,False,True,,1815814,,volume_discount_uncertain
INV-H1-000450,450,development,review,False,True,,3750785,,service_match_unresolved
INV-H1-000451,451,development,review,False,True,,1300046,,volume_discount_uncertain
INV-H1-000452,452,development,review,False,True,,3922869,,service_match_unresolved
INV-H1-000453,453,development,correct,False,False,3003799,3003799,,
INV-H1-000454,454,development,review,False,True,,2777454,,delivered_quantity_or_duplicate_identity_uncertain|retention_or_payable_quantity_requires_review|volume_discount_uncertain
INV-H1-000455,455,development,correct,False,False,957925,957925,,
INV-H1-000456,456,development,review,False,True,,448050,,service_match_unresolved
INV-H1-000457,457,development,erroneous,True,True,,3516982,invoice_arithmetic|invoice_identifier|record_join|service_date|unit_basis,contract_quantity_unknown_due_to_unit_mismatch|delivered_quantity_or_duplicate_identity_uncertain|exclusion_presence_uncertain|invalid_date_payability_requires_review|invoice_identifier_join_ambiguous|missing_or_ambiguous_invoice_join|missing_patient_context|retention_or_payable_quantity_requires_review
INV-H1-000458,458,development,erroneous,True,True,,1899303,unit_price,delivered_quantity_or_duplicate_identity_uncertain|retention_or_payable_quantity_requires_review
INV-H1-000459,459,development,review,False,True,,3069167,,delivered_quantity_or_duplicate_identity_uncertain|retention_or_payable_quantity_requires_review
INV-H1-000460,460,development,review,False,True,,4453748,,service_match_unresolved
INV-H1-000461,461,development,review,False,True,,1580476,,service_match_unresolved|volume_discount_uncertain
INV-H1-000462,462,development,correct,False,False,4025065,4025065,,
INV-H1-000463,463,development,correct,False,False,1625250,1625250,,
INV-H1-000464,464,development,correct,False,False,2869875,2869875,,
INV-H1-000465,465,development,correct,False,False,3242265,3242265,,
INV-H1-000466,466,development,correct,False,False,4118773,4118773,,
INV-H1-000467,467,development,correct,False,False,1593117,1593117,,
INV-H1-000468,468,development,correct,False,False,2322788,2322788,,
INV-H1-000469,469,development,review,False,True,,3459640,,service_match_unresolved
INV-H1-000470,470,development,review,False,True,,1483021,,volume_discount_uncertain
INV-H1-000471,471,development,correct,False,False,3544700,3544700,,
INV-H1-000472,472,development,correct,False,False,3796850,3796850,,
INV-H1-000473,473,development,review,False,True,,246400,,service_match_unresolved
INV-H1-000474,474,development,correct,False,False,4779128,4779128,,
INV-H1-000475,475,development,review,False,True,,5031578,,delivered_quantity_or_duplicate_identity_uncertain|retention_or_payable_quantity_requires_review|volume_discount_uncertain
INV-H1-000476,476,development,review,False,True,,2133950,,service_match_unresolved
INV-H1-000477,477,development,review,False,True,,5055131,,delivered_quantity_or_duplicate_identity_uncertain|retention_or_payable_quantity_requires_review
INV-H1-000478,478,development,review,False,True,,2966845,,service_match_unresolved
INV-H1-000479,479,development,correct,False,False,1168772,1168772,,
INV-H1-000480,480,development,review,False,True,,1479076,,service_match_unresolved
INV-H1-000481,481,development,correct,False,False,1713420,1713420,,
INV-H1-000482,482,held_aside,correct,False,False,4322390,4322390,,
INV-H1-000457,483,development,erroneous,True,True,,1922972,invoice_arithmetic|invoice_identifier|record_join|service_date|unit_basis,contract_quantity_unknown_due_to_unit_mismatch|delivered_quantity_or_duplicate_identity_uncertain|exclusion_presence_uncertain|invalid_date_payability_requires_review|invoice_identifier_join_ambiguous|missing_or_ambiguous_invoice_join|missing_patient_context|retention_or_payable_quantity_requires_review
INV-H1-000484,484,development,correct,False,False,3236961,3236961,,
INV-H1-000485,485,development,review,False,True,,3268863,,service_match_unresolved|volume_discount_uncertain
INV-H1-000486,486,development,correct,False,False,2381026,2381026,,
INV-H1-000487,487,development,correct,False,False,4225949,4225949,,
INV-H1-000488,488,held_aside,correct,False,False,2827787,2827787,,
INV-H1-000489,489,held_aside,review,False,True,,2573703,,volume_discount_uncertain
INV-H1-000490,490,development,correct,False,False,4113835,4113835,,
INV-H1-000491,491,development,review,False,True,,5588687,,service_match_unresolved
INV-H1-000492,492,held_aside,correct,False,False,3432865,3432865,,
INV-H1-000493,493,development,correct,False,False,2157125,2157125,,
INV-H1-000494,494,development,correct,False,False,3822326,3822326,,
INV-H1-000495,495,development,review,False,True,,4051133,,volume_discount_uncertain
INV-H1-000496,496,development,review,False,True,,2393178,,delivered_quantity_or_duplicate_identity_uncertain|premium_eligibility_uncertain|retention_or_payable_quantity_requires_review|service_match_unresolved
INV-H1-000497,497,held_aside,review,False,True,,2763008,,service_match_unresolved
INV-H1-000498,498,development,correct,False,False,2472768,2472768,,
INV-H1-000499,499,held_aside,review,False,True,,1807388,,volume_discount_uncertain
INV-H1-000500,500,development,correct,False,False,1796300,1796300,,
INV-H1-000501,501,held_aside,review,False,True,,6302858,,volume_discount_uncertain
INV-H1-000502,502,development,correct,False,False,2888275,2888275,,
INV-H1-000503,503,held_aside,correct,False,False,2860075,2860075,,
INV-H1-000504,504,development,review,False,True,,2609985,,volume_discount_uncertain
INV-H1-000505,505,development,correct,False,False,1186370,1186370,,
INV-H1-000506,506,development,review,False,True,,2647008,,service_match_unresolved
INV-H1-000507,507,development,correct,False,False,3104690,3104690,,
INV-H1-000508,508,development,correct,False,False,3881260,3881260,,
INV-H1-000509,509,development,correct,False,False,2951276,2951276,,
INV-H1-000510,510,development,review,False,True,,2299574,,service_match_unresolved|volume_discount_uncertain
INV-H1-000511,511,development,review,False,True,,3387015,,delivered_quantity_or_duplicate_identity_uncertain|retention_or_payable_quantity_requires_review|service_match_unresolved|volume_discount_uncertain
INV-H1-000512,512,development,correct,False,False,2026594,2026594,,
INV-H1-000513,513,development,correct,False,False,3102116,3102116,,
INV-H1-000514,514,development,correct,False,False,2518898,2518898,,
INV-H1-000515,515,development,review,False,True,,1165711,,volume_discount_uncertain
INV-H1-000516,516,held_aside,review,False,True,,1969332,,service_match_unresolved
INV-H1-000517,517,development,review,False,True,,2876061,,volume_discount_uncertain
INV-H1-000518,518,held_aside,review,False,True,,2667704,,volume_discount_uncertain
INV-H1-000519,519,development,review,False,True,,5679452,,volume_discount_uncertain
INV-H1-000520,520,development,correct,False,False,2528900,2528900,,
INV-H1-000521,521,held_aside,correct,False,False,4813865,4813865,,
INV-H1-000522,522,development,review,False,True,,2625449,,service_match_unresolved
INV-H1-000523,523,development,correct,False,False,1034967,1034967,,
INV-H1-000524,524,development,correct,False,False,1006925,1006925,,
INV-H1-000429,525,development,erroneous,True,True,,5458136,invoice_arithmetic|invoice_identifier|record_join|service_date,delivered_quantity_or_duplicate_identity_uncertain|exclusion_presence_uncertain|invalid_date_payability_requires_review|invoice_identifier_join_ambiguous|missing_or_ambiguous_invoice_join|missing_patient_context|premium_eligibility_uncertain|retention_or_payable_quantity_requires_review
INV-H1-000526,526,held_aside,review,False,True,,2853443,,delivered_quantity_or_duplicate_identity_uncertain|retention_or_payable_quantity_requires_review
INV-H1-000527,527,held_aside,review,False,True,,3024760,,volume_discount_uncertain
INV-H1-000528,528,development,review,False,True,,1888595,,volume_discount_uncertain
INV-H1-000529,529,development,review,False,True,,4992173,,service_match_unresolved
INV-H1-000530,530,development,correct,False,False,3123234,3123234,,
INV-H1-000531,531,development,correct,False,False,1439690,1439690,,
INV-H1-000532,532,development,correct,False,False,3725016,3725016,,
INV-H1-000533,533,development,correct,False,False,3678930,3678930,,
INV-H1-000534,534,development,correct,False,False,483200,483200,,
INV-H1-000535,535,development,correct,False,False,1985850,1985850,,
INV-H1-000536,536,development,review,False,True,,1528310,,service_match_unresolved
INV-H1-000537,537,development,correct,False,False,1414988,1414988,,
INV-H1-000538,538,development,correct,False,False,1508111,1508111,,
INV-H1-000539,539,development,correct,False,False,1673975,1673975,,
INV-H1-000540,540,development,review,False,True,,4232124,,service_match_unresolved
INV-H1-000541,541,development,correct,False,False,4089849,4089849,,
INV-H1-000542,542,held_aside,correct,False,False,4335500,4335500,,
INV-H1-000543,543,development,review,False,True,,4428745,,service_match_unresolved
INV-H1-000544,544,development,review,False,True,,3185449,,service_match_unresolved
INV-H1-000545,545,development,correct,False,False,1743882,1743882,,
INV-H1-000546,546,development,review,False,True,,2672776,,volume_discount_uncertain
INV-H1-000547,547,development,review,False,True,,2102654,,service_match_unresolved
INV-H1-000548,548,development,erroneous,True,True,,3621405,invoice_arithmetic|invoice_identifier|record_join|service_date,bundle_eligibility_uncertain|delivered_quantity_or_duplicate_identity_uncertain|exclusion_presence_uncertain|invalid_date_payability_requires_review|invoice_identifier_join_ambiguous|missing_or_ambiguous_invoice_join|missing_patient_context|premium_eligibility_uncertain|retention_or_payable_quantity_requires_review|service_match_unresolved
INV-H1-000549,549,held_aside,review,False,True,,4857904,,delivered_quantity_or_duplicate_identity_uncertain|retention_or_payable_quantity_requires_review|service_match_unresolved
INV-H1-000550,550,development,review,False,True,,4311642,,volume_discount_uncertain
INV-H1-000551,551,development,review,False,True,,4689193,,service_match_unresolved
INV-H1-000552,552,development,erroneous,True,True,,2780342,line_amount|line_arithmetic|service_date|unit_basis,contract_quantity_unknown_due_to_unit_mismatch|delivered_quantity_or_duplicate_identity_uncertain|invalid_date_payability_requires_review|retention_or_payable_quantity_requires_review
INV-H1-000553,553,held_aside,review,False,True,,3545592,,volume_discount_uncertain
INV-H1-000554,554,development,review,False,True,,2363230,,volume_discount_uncertain
INV-H1-000555,555,development,review,False,True,,3150657,,service_match_unresolved
INV-H1-000556,556,development,review,False,True,,5367737,,service_match_unresolved
INV-H1-000557,557,development,correct,False,False,2381206,2381206,,
INV-H1-000558,558,held_aside,correct,False,False,3257504,3257504,,
INV-H1-000559,559,held_aside,correct,False,False,871783,871783,,
INV-H1-000560,560,development,correct,False,False,4343939,4343939,,
INV-H1-000561,561,development,correct,False,False,1946700,1946700,,
INV-H1-000562,562,held_aside,review,False,True,,2391200,,service_match_unresolved
INV-H1-000563,563,development,review,False,True,,3402555,,service_match_unresolved
INV-H1-000564,564,held_aside,review,False,True,,3763741,,service_match_unresolved
INV-H1-000565,565,development,review,False,True,,3445946,,service_match_unresolved|volume_discount_uncertain
INV-H1-000566,566,development,correct,False,False,2069575,2069575,,
INV-H1-000567,567,development,review,False,True,,1279830,,service_match_unresolved
INV-H1-000568,568,development,correct,False,False,1385815,1385815,,
INV-H1-000569,569,development,review,False,True,,1566465,,service_match_unresolved
INV-H1-000570,570,development,review,False,True,,1249225,,service_match_unresolved
INV-H1-000571,571,development,erroneous,True,True,,1542190,line_arithmetic,delivered_quantity_or_duplicate_identity_uncertain|exclusion_presence_uncertain|retention_or_payable_quantity_requires_review|service_match_unresolved
INV-H1-000572,572,development,correct,False,False,1345050,1345050,,
INV-H1-000573,573,development,correct,False,False,4519958,4519958,,
INV-H1-000574,574,development,correct,False,False,525025,525025,,
INV-H1-000575,575,development,correct,False,False,3019350,3019350,,
INV-H1-000576,576,development,review,False,True,,6857285,,volume_discount_uncertain
INV-H1-000577,577,development,correct,False,False,1738976,1738976,,
INV-H1-000578,578,development,correct,False,False,1106125,1106125,,
INV-H1-000579,579,development,correct,False,False,1017624,1017624,,
INV-H1-000580,580,development,review,False,True,,3088095,,volume_discount_uncertain
INV-H1-000581,581,held_aside,correct,False,False,420920,420920,,
INV-H1-000582,582,held_aside,correct,False,False,3845079,3845079,,
INV-H1-000583,583,held_aside,review,False,True,,2362365,,volume_discount_uncertain
INV-H1-000584,584,development,review,False,True,,4140383,,volume_discount_uncertain
INV-H1-000585,585,held_aside,review,False,True,,2558633,,volume_discount_uncertain
INV-H1-000586,586,development,correct,False,False,3849719,3849719,,
INV-H1-000587,587,development,correct,False,False,945025,945025,,
INV-H1-000588,588,development,correct,False,False,2671035,2671035,,
INV-H1-000589,589,development,review,False,True,,2579685,,volume_discount_uncertain
INV-H1-000590,590,development,review,False,True,,1505787,,service_match_unresolved
INV-H1-000591,591,development,review,False,True,,1075770,,volume_discount_uncertain
INV-H1-000592,592,held_aside,correct,False,False,3109557,3109557,,
INV-H1-000593,593,development,review,False,True,,5590229,,service_match_unresolved
INV-H1-000594,594,development,review,False,True,,4793514,,service_match_unresolved
INV-H1-000595,595,development,correct,False,False,1158720,1158720,,
INV-H1-000596,596,development,review,False,True,,3523860,,volume_discount_uncertain
INV-H1-000597,597,development,review,False,True,,2187710,,delivered_quantity_or_duplicate_identity_uncertain|retention_or_payable_quantity_requires_review|volume_discount_uncertain
INV-H1-000598,598,development,review,False,True,,1846199,,volume_discount_uncertain
INV-H1-000599,599,development,correct,False,False,1920921,1920921,,
INV-H1-000600,600,held_aside,review,False,True,,1088500,,exclusion_presence_uncertain|retention_or_payable_quantity_requires_review
INV-H1-000548,601,development,erroneous,True,True,,2115965,invoice_arithmetic|invoice_identifier|record_join|service_date,bundle_eligibility_uncertain|delivered_quantity_or_duplicate_identity_uncertain|exclusion_presence_uncertain|invalid_date_payability_requires_review|invoice_identifier_join_ambiguous|missing_or_ambiguous_invoice_join|missing_patient_context|premium_eligibility_uncertain|retention_or_payable_quantity_requires_review|service_match_unresolved
INV-H1-000602,602,held_aside,correct,False,False,3950832,3950832,,
INV-H1-000603,603,development,review,False,True,,2135713,,delivered_quantity_or_duplicate_identity_uncertain|retention_or_payable_quantity_requires_review|service_match_unresolved
INV-H1-000604,604,development,review,False,True,,3441942,,volume_discount_uncertain
INV-H1-000605,605,held_aside,correct,False,False,3888554,3888554,,
INV-H1-000606,606,held_aside,review,False,True,,1176485,,exclusion_presence_uncertain|retention_or_payable_quantity_requires_review|volume_discount_uncertain
INV-H1-000607,607,development,review,False,True,,5830363,,exclusion_presence_uncertain|retention_or_payable_quantity_requires_review
INV-H1-000608,608,development,review,False,True,,3565158,,volume_discount_uncertain
INV-H1-000609,609,development,correct,False,False,1484300,1484300,,
INV-H1-000610,610,development,review,False,True,,2375985,,volume_discount_uncertain
INV-H1-000611,611,held_aside,review,False,True,,3590888,,volume_discount_uncertain
INV-H1-000612,612,held_aside,correct,False,False,3505097,3505097,,
INV-H1-000613,613,development,review,False,True,,1626034,,volume_discount_uncertain
INV-H1-000614,614,development,review,False,True,,1460940,,exclusion_presence_uncertain|retention_or_payable_quantity_requires_review|service_match_unresolved
INV-H1-000615,615,development,review,False,True,,2801128,,volume_discount_uncertain
INV-H1-000616,616,development,review,False,True,,5748500,,service_match_unresolved
INV-H1-000617,617,held_aside,correct,False,False,2600735,2600735,,
INV-H1-000618,618,development,correct,False,False,1400204,1400204,,
INV-H1-000619,619,development,erroneous,True,True,,4648783,line_amount|unit_price,service_match_unresolved
INV-H1-000620,620,development,correct,False,False,7140902,7140902,,
INV-H1-000621,621,development,review,False,True,,2708396,,exclusion_presence_uncertain|retention_or_payable_quantity_requires_review
INV-H1-000622,622,held_aside,correct,False,False,1015412,1015412,,
INV-H1-000623,623,development,correct,False,False,663475,663475,,
INV-H1-000624,624,development,correct,False,False,1860624,1860624,,
INV-H1-000625,625,held_aside,correct,False,False,4725499,4725499,,
INV-H1-000626,626,development,review,False,True,,4994700,,service_match_unresolved
INV-H1-000627,627,development,review,False,True,,2863080,,volume_discount_uncertain
INV-H1-000628,628,development,correct,False,False,4203380,4203380,,
INV-H1-000629,629,development,erroneous,True,False,3852708,3852708,contract_number,
INV-H1-000630,630,development,correct,False,False,2093686,2093686,,
INV-H1-000631,631,development,correct,False,False,1118472,1118472,,
INV-H1-000632,632,development,correct,False,False,2340620,2340620,,
INV-H1-000633,633,development,review,False,True,,2240596,,service_match_unresolved
INV-H1-000634,634,development,review,False,True,,2457120,,service_match_unresolved
INV-H1-000635,635,held_aside,erroneous,True,True,,1782497,line_amount|unit_basis|unit_price,contract_quantity_unknown_due_to_unit_mismatch|delivered_quantity_or_duplicate_identity_uncertain|retention_or_payable_quantity_requires_review
INV-H1-000636,636,development,correct,False,False,2374500,2374500,,
INV-H1-000637,637,development,review,False,True,,3005350,,service_match_unresolved
INV-H1-000638,638,development,correct,False,False,1080593,1080593,,
INV-H1-000639,639,development,review,False,True,,1582634,,delivered_quantity_or_duplicate_identity_uncertain|retention_or_payable_quantity_requires_review|service_match_unresolved
INV-H1-000640,640,development,correct,False,False,3547303,3547303,,
INV-H1-000641,641,development,review,False,True,,3930631,,service_match_unresolved
INV-H1-000642,642,development,correct,False,False,4331980,4331980,,
INV-H1-000643,643,development,correct,False,False,4148836,4148836,,
INV-H1-000644,644,development,correct,False,False,2695347,2695347,,
INV-H1-000645,645,development,correct,False,False,1936535,1936535,,
INV-H1-000646,646,development,erroneous,True,False,2974340,2952045,exclusion_window|invoice_amount|line_amount|unit_price,
INV-H1-000647,647,development,correct,False,False,2769575,2769575,,
INV-H1-000648,648,development,correct,False,False,2171482,2171482,,
INV-H1-000649,649,development,correct,False,False,2071024,2071024,,
INV-H1-000650,650,development,erroneous,True,True,,1706534,service_date,delivered_quantity_or_duplicate_identity_uncertain|invalid_date_payability_requires_review|retention_or_payable_quantity_requires_review
INV-H1-000651,651,development,correct,False,False,2851295,2851295,,
INV-H1-000652,652,development,correct,False,False,1919263,1919263,,
INV-H1-000653,653,development,correct,False,False,3441128,3441128,,
INV-H1-000654,654,development,review,False,True,,4721388,,service_match_unresolved
INV-H1-000655,655,development,review,False,True,,5073640,,service_match_unresolved
INV-H1-000656,656,development,correct,False,False,3242574,3242574,,
INV-H1-000657,657,held_aside,review,False,True,,4217639,,service_match_unresolved
INV-H1-000658,658,development,review,False,True,,1292375,,service_match_unresolved
INV-H1-000659,659,development,erroneous,True,True,,3686985,line_amount|service_date|unit_price,invalid_date_payability_requires_review|retention_or_payable_quantity_requires_review
INV-H1-000660,660,development,review,False,True,,735150,,service_match_unresolved
INV-H1-000661,661,development,review,False,True,,4771130,,service_match_unresolved
INV-H1-000662,662,held_aside,correct,False,False,3776025,3776025,,
INV-H1-000663,663,held_aside,correct,False,False,1212782,1212782,,
INV-H1-000664,664,held_aside,correct,False,False,1051575,1051575,,
INV-H1-000665,665,development,correct,False,False,3905115,3905115,,
INV-H1-000666,666,development,correct,False,False,3597600,3597600,,
INV-H1-000667,667,held_aside,review,False,True,,2053255,,delivered_quantity_or_duplicate_identity_uncertain|retention_or_payable_quantity_requires_review|service_match_unresolved
INV-H1-000668,668,held_aside,review,False,True,,3732703,,service_match_unresolved
INV-H1-000669,669,development,review,False,True,,4004804,,service_match_unresolved
INV-H1-000670,670,development,review,False,True,,4556525,,delivered_quantity_or_duplicate_identity_uncertain|retention_or_payable_quantity_requires_review|service_match_unresolved
INV-H1-000671,671,held_aside,correct,False,False,3243888,3243888,,
INV-H1-000672,672,development,correct,False,False,2842325,2842325,,
INV-H1-000673,673,development,correct,False,False,2680725,2680725,,
INV-H1-000674,674,held_aside,erroneous,True,True,,2416832,service_date,invalid_date_payability_requires_review|retention_or_payable_quantity_requires_review
INV-H1-000675,675,development,erroneous,True,False,1302105,1380400,duplicate_billing|invoice_amount|line_amount|unit_price,
INV-H1-000676,676,development,correct,False,False,4806734,4806734,,
INV-H1-000677,677,development,erroneous,True,True,,5360228,duplicate_billing|line_amount|unit_basis|unit_price,contract_quantity_unknown_due_to_unit_mismatch|delivered_quantity_or_duplicate_identity_uncertain|retention_or_payable_quantity_requires_review
INV-H1-000678,678,held_aside,review,False,True,,2165049,,delivered_quantity_or_duplicate_identity_uncertain|premium_eligibility_uncertain|retention_or_payable_quantity_requires_review|service_match_unresolved
INV-H1-000679,679,development,correct,False,False,2367163,2367163,,
INV-H1-000680,680,held_aside,review,False,True,,2942216,,service_match_unresolved
INV-H1-000681,681,development,correct,False,False,2649415,2649415,,
INV-H1-000682,682,held_aside,correct,False,False,1825648,1825648,,
INV-H1-000683,683,held_aside,review,False,True,,1895344,,service_match_unresolved
INV-H1-000684,684,development,review,False,True,,3797998,,service_match_unresolved
INV-H1-000685,685,held_aside,correct,False,False,1934580,1934580,,
INV-H1-000686,686,development,correct,False,False,2965003,2965003,,
INV-H1-000687,687,development,review,False,True,,2005410,,service_match_unresolved
INV-H1-000688,688,development,correct,False,False,2320550,2320550,,
INV-H1-000689,689,development,correct,False,False,1039568,1039568,,
INV-H1-000690,690,held_aside,correct,False,False,2820307,2820307,,
INV-H1-000691,691,development,correct,False,False,3328275,3328275,,
INV-H1-000692,692,held_aside,review,False,True,,3912118,,service_match_unresolved
INV-H1-000693,693,development,correct,False,False,3469593,3469593,,
INV-H1-000694,694,held_aside,review,False,True,,838345,,service_match_unresolved
INV-H1-000695,695,development,correct,False,False,1738208,1738208,,
INV-H1-000696,696,held_aside,correct,False,False,2209233,2209233,,
INV-H1-000697,697,development,correct,False,False,4420451,4420451,,
INV-H1-000698,698,development,correct,False,False,3421145,3421145,,
INV-H1-000699,699,development,correct,False,False,3027125,3027125,,
INV-H1-000700,700,held_aside,review,False,True,,1084251,,service_match_unresolved
INV-H1-000701,701,development,review,False,True,,729214,,service_match_unresolved
INV-H1-000702,702,held_aside,correct,False,False,4360605,4360605,,
INV-H1-000703,703,development,erroneous,True,True,,1076953,line_amount|line_arithmetic|unit_basis,contract_quantity_unknown_due_to_unit_mismatch|delivered_quantity_or_duplicate_identity_uncertain|retention_or_payable_quantity_requires_review
INV-H1-000704,704,development,correct,False,False,3733390,3733390,,
INV-H1-000705,705,held_aside,correct,False,False,904483,904483,,
INV-H1-000706,706,development,correct,False,False,1987700,1987700,,
INV-H1-000707,707,held_aside,correct,False,False,1936925,1936925,,
INV-H1-000708,708,held_aside,correct,False,False,2353606,2353606,,
INV-H1-000709,709,development,review,False,True,,3532926,,service_match_unresolved
INV-H1-000710,710,development,review,False,True,,3650814,,service_match_unresolved
INV-H1-000711,711,development,review,False,True,,2413074,,service_match_unresolved
INV-H1-000712,712,held_aside,review,False,True,,3858120,,service_match_unresolved
INV-H1-000713,713,development,correct,False,False,2411518,2411518,,
INV-H1-000714,714,held_aside,review,False,True,,1644350,,service_match_unresolved
INV-H1-000715,715,development,correct,False,False,970020,970020,,
INV-H1-000716,716,development,correct,False,False,1749386,1749386,,
INV-H1-000717,717,development,erroneous,True,True,,2651162,unit_basis,contract_quantity_unknown_due_to_unit_mismatch|delivered_quantity_or_duplicate_identity_uncertain|retention_or_payable_quantity_requires_review
INV-H1-000718,718,development,correct,False,False,783025,783025,,
INV-H1-000719,719,development,correct,False,False,845310,845310,,
INV-H1-000720,720,development,correct,False,False,3139824,3139824,,
INV-H1-000721,721,development,correct,False,False,1292690,1292690,,
INV-H1-000722,722,development,correct,False,False,1594886,1594886,,
INV-H1-000723,723,held_aside,correct,False,False,1427400,1427400,,
INV-H1-000724,724,development,correct,False,False,2600041,2600041,,
INV-H1-000725,725,development,erroneous,True,True,,1925550,daily_cap|line_amount,service_match_unresolved
INV-H1-000726,726,held_aside,review,False,True,,5002126,,service_match_unresolved
INV-H1-000727,727,development,review,False,True,,2700630,,service_match_unresolved
INV-H1-000728,728,development,review,False,True,,3622993,,service_match_unresolved
INV-H1-000729,729,held_aside,correct,False,False,3644405,3644405,,
INV-H1-000730,730,development,correct,False,False,1178920,1178920,,
INV-H1-000731,731,development,correct,False,False,1744546,1744546,,
INV-H1-000732,732,development,review,False,True,,4161065,,service_match_unresolved
INV-H1-000733,733,development,correct,False,False,4090367,4090367,,
INV-H1-000734,734,development,correct,False,False,2489815,2489815,,
INV-H1-000735,735,held_aside,correct,False,False,1067857,1067857,,
INV-H1-000736,736,development,review,False,True,,2087322,,service_match_unresolved
INV-H1-000737,737,development,correct,False,False,2828108,2828108,,
INV-H1-000738,738,development,correct,False,False,1219150,1219150,,
INV-H1-000739,739,development,review,False,True,,3794864,,service_match_unresolved
INV-H1-000740,740,development,correct,False,False,3197252,3197252,,
INV-H1-000741,741,development,correct,False,False,1896825,1896825,,
INV-H1-000742,742,development,correct,False,False,1375129,1375129,,
INV-H1-000743,743,development,correct,False,False,1134176,1134176,,
INV-H1-000744,744,held_aside,correct,False,False,3569096,3569096,,
INV-H1-000745,745,development,correct,False,False,2158353,2158353,,
INV-H1-000746,746,held_aside,correct,False,False,2466869,2466869,,
INV-H1-000747,747,development,correct,False,False,5741085,5741085,,
INV-H1-000748,748,held_aside,erroneous,True,True,,5359331,service_date,invalid_date_payability_requires_review|retention_or_payable_quantity_requires_review
INV-H1-000749,749,development,review,False,True,,3031243,,service_match_unresolved
INV-H1-000750,750,development,review,False,True,,2648724,,service_match_unresolved
INV-H1-000751,751,development,review,False,True,,4360656,,service_match_unresolved
INV-H1-000752,752,held_aside,correct,False,False,1357904,1357904,,
INV-H1-000753,753,development,correct,False,False,1630750,1630750,,
INV-H1-000754,754,development,review,False,True,,2153329,,service_match_unresolved
INV-H1-000755,755,development,correct,False,False,833600,833600,,
INV-H1-000756,756,development,correct,False,False,2783615,2783615,,
INV-H1-000757,757,development,correct,False,False,3577253,3577253,,
INV-H1-000758,758,development,correct,False,False,2229604,2229604,,
INV-H1-000759,759,development,correct,False,False,2822035,2822035,,
INV-H1-000760,760,held_aside,review,False,True,,2064095,,service_match_unresolved
INV-H1-000761,761,development,review,False,True,,3353665,,service_match_unresolved
INV-H1-000762,762,development,review,False,True,,1748571,,service_match_unresolved
INV-H1-000763,763,development,review,False,True,,5571890,,service_match_unresolved
INV-H1-000764,764,development,correct,False,False,3477914,3477914,,
INV-H1-000765,765,development,correct,False,False,3794865,3794865,,
INV-H1-000766,766,held_aside,correct,False,False,1177997,1177997,,
INV-H1-000767,767,development,review,False,True,,4651455,,delivered_quantity_or_duplicate_identity_uncertain|retention_or_payable_quantity_requires_review|service_match_unresolved
INV-H1-000768,768,development,correct,False,False,2781754,2781754,,
INV-H1-000769,769,development,correct,False,False,1679020,1679020,,
INV-H1-000770,770,development,review,False,True,,2038506,,service_match_unresolved
INV-H1-000771,771,held_aside,correct,False,False,5299935,5299935,,
INV-H1-000772,772,development,correct,False,False,3805854,3805854,,
INV-H1-000773,773,development,correct,False,False,2458809,2458809,,
INV-H1-000774,774,development,correct,False,False,1415218,1415218,,
INV-H1-000775,775,development,correct,False,False,3401339,3401339,,
INV-H1-000776,776,development,review,False,True,,3071675,,service_match_unresolved
INV-H1-000777,777,development,correct,False,False,2429769,2429769,,
INV-H1-000778,778,development,review,False,True,,2156416,,service_match_unresolved
INV-H1-000779,779,development,review,False,True,,628982,,service_match_unresolved
INV-H1-000780,780,development,correct,False,False,2770225,2770225,,
INV-H1-000781,781,development,review,False,True,,3681874,,service_match_unresolved
INV-H1-000782,782,development,correct,False,False,2323407,2323407,,
INV-H1-000783,783,development,correct,False,False,642675,642675,,
INV-H1-000784,784,development,correct,False,False,2218255,2218255,,
INV-H1-000785,785,development,correct,False,False,1849775,1849775,,
INV-H1-000786,786,development,correct,False,False,2993000,2993000,,
INV-H1-000787,787,development,correct,False,False,2059029,2059029,,
INV-H1-000788,788,development,correct,False,False,1059825,1059825,,
INV-H1-000789,789,held_aside,correct,False,False,2758680,2758680,,
INV-H1-000790,790,held_aside,correct,False,False,2404480,2404480,,
INV-H1-000791,791,held_aside,review,False,True,,3490975,,service_match_unresolved
INV-H1-000792,792,development,review,False,True,,3294373,,service_match_unresolved
INV-H1-000793,793,development,correct,False,False,4245835,4245835,,
INV-H1-000794,794,development,review,False,True,,2065304,,service_match_unresolved
INV-H1-000795,795,development,correct,False,False,2554725,2554725,,
INV-H1-000796,796,development,correct,False,False,4969812,4969812,,
INV-H1-000797,797,development,review,False,True,,3501930,,service_match_unresolved
INV-H1-000798,798,development,review,False,True,,2549162,,service_match_unresolved
INV-H1-000799,799,held_aside,correct,False,False,2070577,2070577,,
INV-H1-000800,800,development,correct,False,False,6020653,6020653,,
INV-H1-000801,801,held_aside,correct,False,False,1984773,1984773,,
INV-H1-000802,802,development,correct,False,False,3487115,3487115,,
INV-H1-000803,803,held_aside,review,False,True,,1401701,,service_match_unresolved
INV-H1-000804,804,development,correct,False,False,3265145,3265145,,
INV-H1-000805,805,development,correct,False,False,2615344,2615344,,
INV-H1-000806,806,development,correct,False,False,3064055,3064055,,
INV-H1-000807,807,development,correct,False,False,1638523,1638523,,
INV-H1-000808,808,held_aside,review,False,True,,3689488,,service_match_unresolved
INV-H1-000809,809,development,correct,False,False,3454991,3454991,,
INV-H1-000810,810,development,correct,False,False,2165925,2165925,,
INV-H1-000811,811,development,erroneous,True,True,,3714657,line_amount|unit_price,delivered_quantity_or_duplicate_identity_uncertain|retention_or_payable_quantity_requires_review|service_match_unresolved
INV-H1-000812,812,development,correct,False,False,1387250,1387250,,
INV-H1-000813,813,development,correct,False,False,3977875,3977875,,
INV-H1-000814,814,development,correct,False,False,1543045,1543045,,
INV-H1-000815,815,development,correct,False,False,3088264,3088264,,
INV-H1-000816,816,held_aside,review,False,True,,3836485,,delivered_quantity_or_duplicate_identity_uncertain|retention_or_payable_quantity_requires_review|service_match_unresolved
INV-H1-000817,817,development,review,False,True,,4033379,,service_match_unresolved
INV-H1-000818,818,held_aside,correct,False,False,3887630,3887630,,
INV-H1-000819,819,development,correct,False,False,981038,981038,,
INV-H1-000820,820,development,erroneous,True,False,2850137,2881532,invoice_amount|invoice_arithmetic|line_amount|unit_price,
INV-H1-000821,821,development,review,False,True,,3330606,,service_match_unresolved
INV-H1-000822,822,development,correct,False,False,1267835,1267835,,
INV-H1-000823,823,development,correct,False,False,1875655,1875655,,
INV-H1-000824,824,development,correct,False,False,2221734,2221734,,
INV-H1-000825,825,development,correct,False,False,3468479,3468479,,
INV-H1-000826,826,development,review,False,True,,2789238,,service_match_unresolved
INV-H1-000827,827,development,correct,False,False,3298041,3298041,,
INV-H1-000828,828,development,correct,False,False,3108983,3108983,,
INV-H1-000829,829,development,correct,False,False,3151440,3151440,,
INV-H1-000830,830,development,review,False,True,,1775270,,service_match_unresolved
INV-H1-000831,831,development,correct,False,False,2070440,2070440,,
INV-H1-000832,832,development,correct,False,False,4095085,4095085,,
INV-H1-000833,833,development,correct,False,False,1669100,1669100,,
INV-H1-000834,834,development,correct,False,False,1031797,1031797,,
INV-H1-000835,835,held_aside,correct,False,False,2718965,2718965,,
INV-H1-000836,836,development,correct,False,False,3025568,3025568,,
INV-H1-000837,837,development,correct,False,False,1216911,1216911,,
INV-H1-000838,838,development,correct,False,False,2223931,2223931,,
INV-H1-000839,839,development,correct,False,False,4664610,4664610,,
INV-H1-000840,840,development,correct,False,False,4454870,4454870,,
INV-H1-000841,841,development,correct,False,False,4617910,4617910,,
INV-H1-000842,842,development,review,False,True,,2138594,,service_match_unresolved
INV-H1-000843,843,development,correct,False,False,1086850,1086850,,
INV-H1-000844,844,development,correct,False,False,663386,663386,,
INV-H1-000845,845,held_aside,correct,False,False,3290314,3290314,,
INV-H1-000846,846,development,review,False,True,,2399363,,service_match_unresolved
INV-H1-000847,847,development,erroneous,True,True,,3988200,exclusion_window|line_amount|unit_basis,bundle_eligibility_uncertain|contract_quantity_unknown_due_to_unit_mismatch|delivered_quantity_or_duplicate_identity_uncertain|retention_or_payable_quantity_requires_review
INV-H1-000848,848,held_aside,correct,False,False,3271454,3271454,,
INV-H1-000849,849,held_aside,correct,False,False,3927848,3927848,,
INV-H1-000850,850,development,correct,False,False,5287691,5287691,,
INV-H1-000851,851,development,review,False,True,,2950556,,service_match_unresolved
INV-H1-000852,852,held_aside,erroneous,True,True,,2388675,duplicate_billing|line_amount|service_date,invalid_date_payability_requires_review|retention_or_payable_quantity_requires_review
INV-H1-000853,853,development,correct,False,False,1939273,1939273,,
INV-H1-000854,854,development,correct,False,False,3361815,3361815,,
INV-H1-000855,855,development,review,False,True,,2836990,,service_match_unresolved
INV-H1-000856,856,development,correct,False,False,860340,860340,,
INV-H1-000857,857,development,correct,False,False,2300235,2300235,,
INV-H1-000858,858,development,correct,False,False,2163860,2163860,,
INV-H1-000859,859,development,correct,False,False,775725,775725,,
INV-H1-000860,860,held_aside,correct,False,False,4432235,4432235,,
INV-H1-000861,861,development,correct,False,False,2483775,2483775,,
INV-H1-000862,862,development,correct,False,False,1902331,1902331,,
INV-H1-000863,863,development,review,False,True,,2812468,,service_match_unresolved
INV-H1-000864,864,development,correct,False,False,5563320,5563320,,
INV-H1-000865,865,development,correct,False,False,3607964,3607964,,
INV-H1-000866,866,development,review,False,True,,1655250,,service_match_unresolved
INV-H1-000867,867,held_aside,correct,False,False,5888095,5888095,,
INV-H1-000868,868,development,review,False,True,,3802873,,service_match_unresolved
INV-H1-000869,869,development,review,False,True,,3752925,,service_match_unresolved
INV-H1-000870,870,development,review,False,True,,745450,,service_match_unresolved
INV-H1-000871,871,held_aside,review,False,True,,2663757,,service_match_unresolved
INV-H1-000872,872,development,correct,False,False,1783506,1783506,,
INV-H1-000873,873,development,erroneous,True,False,1606768,1620843,contract_number|invoice_amount|line_amount|unit_price,
INV-H1-000874,874,development,correct,False,False,4914354,4914354,,
INV-H1-000875,875,development,correct,False,False,1851716,1851716,,
INV-H1-000876,876,development,review,False,True,,2290880,,service_match_unresolved
INV-H1-000877,877,development,correct,False,False,1831050,1831050,,
INV-H1-000878,878,development,correct,False,False,465023,465023,,
INV-H1-000879,879,development,correct,False,False,1409079,1409079,,
INV-H1-000880,880,development,correct,False,False,1781344,1781344,,
INV-H1-000881,881,development,correct,False,False,4549164,4549164,,
INV-H1-000882,882,development,correct,False,False,4953447,4953447,,
INV-H1-000883,883,development,correct,False,False,6169030,6169030,,
INV-H1-000884,884,development,review,False,True,,3351299,,service_match_unresolved
INV-H1-000885,885,development,correct,False,False,1260530,1260530,,
INV-H1-000886,886,development,correct,False,False,1208930,1208930,,
INV-H1-000887,887,development,correct,False,False,561050,561050,,
INV-H1-000888,888,held_aside,review,False,True,,3334135,,service_match_unresolved
INV-H1-000889,889,development,correct,False,False,1408665,1408665,,
INV-H1-000890,890,development,correct,False,False,1368317,1368317,,
INV-H1-000891,891,held_aside,correct,False,False,902350,902350,,
INV-H1-000892,892,development,correct,False,False,1028425,1028425,,
INV-H1-000893,893,development,correct,False,False,2692710,2692710,,
INV-H1-000894,894,development,correct,False,False,1531372,1531372,,
INV-H1-000895,895,development,review,False,True,,3643338,,service_match_unresolved
INV-H1-000896,896,development,correct,False,False,2917920,2917920,,
INV-H1-000897,897,development,correct,False,False,2344075,2344075,,
INV-H1-000898,898,development,correct,False,False,2237689,2237689,,
INV-H1-000899,899,development,review,False,True,,2339046,,service_match_unresolved
INV-H1-000900,900,development,correct,False,False,4565783,4565783,,
INV-H1-000901,901,development,correct,False,False,3226125,3226125,,
INV-H1-000902,902,development,correct,False,False,2514158,2514158,,
INV-H1-000903,903,held_aside,review,False,True,,4385784,,service_match_unresolved
INV-H1-000904,904,development,correct,False,False,2011695,2011695,,
INV-H1-000905,905,development,review,False,True,,1939939,,service_match_unresolved
INV-H1-000906,906,development,correct,False,False,857575,857575,,
INV-H1-000907,907,development,correct,False,False,1270625,1270625,,
INV-H1-000908,908,development,correct,False,False,3268266,3268266,,
INV-H1-000909,909,development,correct,False,False,1333831,1333831,,
INV-H1-000910,910,held_aside,correct,False,False,3954572,3954572,,
INV-H1-000911,911,development,correct,False,False,1781766,1781766,,
INV-H1-000912,912,development,review,False,True,,3012993,,service_match_unresolved
INV-H1-000913,913,held_aside,correct,False,False,1484675,1484675,,
INV-H1-000914,914,development,review,False,True,,6185689,,service_match_unresolved
INV-H1-000915,915,development,review,False,True,,1610819,,service_match_unresolved
INV-H1-000916,916,development,correct,False,False,2434972,2434972,,
INV-H1-000917,917,development,correct,False,False,2843717,2843717,,
INV-H1-000918,918,held_aside,correct,False,False,2565249,2565249,,
